<?xml version="1.0" encoding="UTF-8"?>
<DEFECTS>
  <DEFECT>
    <SFA>
      <FILEPATH>c:\users\kevin volkel\documents\visual studio 2015\projects\open icd side\open icd side\consoleapplication1\</FILEPATH>
      <FILENAME>main.cpp</FILENAME>
      <LINE>610</LINE>
      <COLUMN>32</COLUMN>
    </SFA>
    <DEFECTCODE>6244</DEFECTCODE>
    <DESCRIPTION>Local declaration of 'taskHandle' hides previous declaration at line '115' of 'c:\users\kevin volkel\documents\visual studio 2015\projects\open icd side\open icd side\consoleapplication1\main.cpp'.</DESCRIPTION>
    <FUNCTION>EveryNCallback</FUNCTION>
    <DECORATED>?EveryNCallback@@YAJPEAXJK0@Z</DECORATED>
    <FUNCLINE>610</FUNCLINE>
    <PATH>
      <SFA>
        <FILEPATH>c:\users\kevin volkel\documents\visual studio 2015\projects\open icd side\open icd side\consoleapplication1\</FILEPATH>
        <FILENAME>main.cpp</FILENAME>
        <LINE>115</LINE>
        <COLUMN>23</COLUMN>
      </SFA>
    </PATH>
  </DEFECT>
  <DEFECT>
    <SFA>
      <FILEPATH>c:\users\kevin volkel\documents\visual studio 2015\projects\open icd side\open icd side\consoleapplication1\</FILEPATH>
      <FILENAME>main.cpp</FILENAME>
      <LINE>613</LINE>
      <COLUMN>13</COLUMN>
    </SFA>
    <DEFECTCODE>6244</DEFECTCODE>
    <DESCRIPTION>Local declaration of 'error' hides previous declaration at line '114' of 'c:\users\kevin volkel\documents\visual studio 2015\projects\open icd side\open icd side\consoleapplication1\main.cpp'.</DESCRIPTION>
    <FUNCTION>EveryNCallback</FUNCTION>
    <DECORATED>?EveryNCallback@@YAJPEAXJK0@Z</DECORATED>
    <FUNCLINE>610</FUNCLINE>
    <PATH>
      <SFA>
        <FILEPATH>c:\users\kevin volkel\documents\visual studio 2015\projects\open icd side\open icd side\consoleapplication1\</FILEPATH>
        <FILENAME>main.cpp</FILENAME>
        <LINE>114</LINE>
        <COLUMN>18</COLUMN>
      </SFA>
    </PATH>
  </DEFECT>
  <DEFECT>
    <SFA>
      <FILEPATH>c:\users\kevin volkel\documents\visual studio 2015\projects\open icd side\open icd side\consoleapplication1\</FILEPATH>
      <FILENAME>main.cpp</FILENAME>
      <LINE>659</LINE>
      <COLUMN>30</COLUMN>
    </SFA>
    <DEFECTCODE>6244</DEFECTCODE>
    <DESCRIPTION>Local declaration of 'taskHandle' hides previous declaration at line '115' of 'c:\users\kevin volkel\documents\visual studio 2015\projects\open icd side\open icd side\consoleapplication1\main.cpp'.</DESCRIPTION>
    <FUNCTION>DoneCallback</FUNCTION>
    <DECORATED>?DoneCallback@@YAJPEAXJ0@Z</DECORATED>
    <FUNCLINE>659</FUNCLINE>
    <PATH>
      <SFA>
        <FILEPATH>c:\users\kevin volkel\documents\visual studio 2015\projects\open icd side\open icd side\consoleapplication1\</FILEPATH>
        <FILENAME>main.cpp</FILENAME>
        <LINE>115</LINE>
        <COLUMN>23</COLUMN>
      </SFA>
    </PATH>
  </DEFECT>
  <DEFECT>
    <SFA>
      <FILEPATH>c:\users\kevin volkel\documents\visual studio 2015\projects\open icd side\open icd side\consoleapplication1\</FILEPATH>
      <FILENAME>main.cpp</FILENAME>
      <LINE>661</LINE>
      <COLUMN>9</COLUMN>
    </SFA>
    <DEFECTCODE>6244</DEFECTCODE>
    <DESCRIPTION>Local declaration of 'error' hides previous declaration at line '114' of 'c:\users\kevin volkel\documents\visual studio 2015\projects\open icd side\open icd side\consoleapplication1\main.cpp'.</DESCRIPTION>
    <FUNCTION>DoneCallback</FUNCTION>
    <DECORATED>?DoneCallback@@YAJPEAXJ0@Z</DECORATED>
    <FUNCLINE>659</FUNCLINE>
    <PATH>
      <SFA>
        <FILEPATH>c:\users\kevin volkel\documents\visual studio 2015\projects\open icd side\open icd side\consoleapplication1\</FILEPATH>
        <FILENAME>main.cpp</FILENAME>
        <LINE>114</LINE>
        <COLUMN>18</COLUMN>
      </SFA>
    </PATH>
  </DEFECT>
</DEFECTS>